index,items,freq
0,be,224305
1,the,209722
2,"the,be",134709
3,of,122218
4,in,121553
5,to,117170
6,a,111630
7,and,108578
8,what,99866
9,"of,the",96248
10,"in,the",80991
11,"what,be",76978
12,do,75937
13,"of,be",75482
14,"and,the",75151
15,"in,be",72235
16,"to,the",71973
17,"to,be",71243
18,"and,be",65132
19,"a,be",62803
20,how,62565
21,"of,the,be",61288
22,"a,the",58389
23,for,56804
24,"what,the",54997
25,i,54095
26,"in,the,be",51890
27,have,48383
28,"and,of",48232
29,"what,the,be",47358
30,"and,the,be",47267
31,"in,of",47167
32,"to,the,be",46080
33,"and,in",42908
34,"a,to",42378
35,"a,of",42143
36,"and,of,the",40867
37,"a,in",40490
38,"in,of,the",40377
39,"to,in",40098
40,"and,to",39752
41,"to,of",39701
42,on,39337
43,can,38193
44,"a,the,be",36661
45,it,36416
46,"for,be",36380
47,"and,a",36279
48,that,35960
49,with,34666
50,"for,the",34087
51,"to,of,the",33371
52,"and,in,the",33359
53,'s,32820
54,"a,of,the",32481
55,"how,do",31286
56,as,30407
57,"have,the",29878
58,"to,in,the",29683
59,"and,to,the",29683
60,"and,of,be",29550
61,"in,of,be",29247
62,"i,how",28097
63,from,27315
64,"a,in,the",26849
65,"a,to,be",26733
66,"and,in,be",26504
67,"what,of",26465
68,you,26416
69,"it,be",26040
70,"a,to,the",26013
71,"that,be",25785
72,by,25755
73,"a,of,be",25585
74,"what,to",25425
75,"on,the",25421
76,"in,of,the,be",25406
77,"and,of,the,be",25371
78,"to,in,be",25351
79,"and,a,the",25204
80,"that,the",24734
81,"to,of,be",24602
82,"and,to,be",24590
83,why,24578
84,"have,be",24459
85,which,24365
86,"a,in,be",23875
87,"for,the,be",23587
88,an,23562
89,or,23156
90,"what,in",22822
91,"i,do",22724
92,at,22637
93,"'s,the",22562
94,"and,in,of",22401
95,"what,of,be",22213
96,"do,the",22129
97,"and,a,be",22038
98,"with,the",21748
99,"as,the",21696
100,"and,in,the,be",21030
101,"on,be",20933
102,"to,of,the,be",20868
103,"for,a",20646
104,"a,of,the,be",20270
105,"it,to",20132
106,"what,a",19982
107,"and,in,of,the",19974
108,"what,of,the",19794
109,"have,to",19777
110,"by,the",19706
111,best,19650
112,"do,a",19408
113,"do,to",19359
114,"can,i",19322
115,"and,to,of",19258
116,"and,a,of",18984
117,"to,in,the,be",18980
118,"what,and",18976
119,"have,a",18907
120,"a,in,of",18902
121,"do,what",18818
122,my,18789
123,"have,and",18692
124,"for,in",18686
125,"by,be",18656
126,"and,to,the,be",18629
127,"what,to,be",18608
128,"for,to",18591
129,"with,be",18521
130,"it,the",18421
131,"have,of",18345
132,"which,be",18054
133,"that,the,be",18050
134,"what,in,be",18043
135,"as,be",17967
136,"how,be",17934
137,"do,be",17855
138,"to,in,of",17703
139,"from,the",17660
140,"for,and",17647
141,some,17637
142,"best,the",17490
143,"what,of,the,be",17450
144,"best,be",17321
145,"and,to,in",17230
146,"a,to,of",17159
147,"have,in",17139
148,"how,a",16994
149,"and,to,of,the",16955
150,"a,to,the,be",16917
151,"have,the,be",16900
152,"for,of",16893
153,"i,a",16858
154,"a,to,in",16834
155,"which,the",16816
156,"'s,be",16798
157,"a,in,the,be",16779
158,"can,how",16699
159,"do,in",16430
160,"and,a,in",16290
161,"and,a,to",16078
162,not,15955
163,"at,the",15897
164,"a,in,of,the",15836
165,"and,a,the,be",15824
166,if,15792
167,"that,of",15789
168,"to,in,of,the",15769
169,"and,a,of,the",15743
170,"best,the,be",15724
171,"what,and,be",15529
172,"as,of",15508
173,use,15405
174,"how,the",15328
175,"i,how,do",15261
176,"that,to",15236
177,who,15170
178,"or,be",15109
179,"it,to,be",15019
180,"on,the,be",14987
181,get,14909
182,"what,a,be",14832
183,"my,i",14811
184,"have,of,the",14810
185,"that,a",14749
186,"what,in,the",14700
187,"i,to",14676
188,"by,the,be",14619
189,"with,and",14558
190,"on,a",14482
191,this,14455
192,"with,a",14444
193,"on,of",14414
194,"for,what",14359
195,"some,be",14287
196,"as,and",14266
197,"it,a",14266
198,"from,be",14263
199,"with,of",14209
200,"that,and",14201
201,"i,be",14166
202,"what,to,the",14158
203,"and,to,in,the",14152
204,when,14091
205,"a,to,of,the",14091
206,"as,a",14035
207,"and,in,of,be",13991
208,"for,of,the",13941
209,"on,to",13817
210,"how,in",13778
211,"'s,of",13777
212,"on,and",13688
213,his,13604
214,"that,in",13601
215,"an,be",13563
216,"i,in",13488
217,"have,to,the",13436
218,he,13426
219,"it,the,be",13386
220,"for,in,the",13367
221,"that,of,the",13343
222,"as,the,be",13337
223,"as,of,the",13292
224,"at,be",13272
225,"have,and,the",13250
226,"for,a,be",13234
227,"with,to",13230
228,"with,in",13210
229,make,13199
230,"an,the",13106
231,"how,to",13027
232,"which,the,be",13015
233,"by,of",12965
234,"for,and,the",12943
235,one,12862
236,"what,and,the",12846
237,but,12837
238,"do,and",12815
239,"as,in",12775
240,"with,the,be",12709
241,"have,in,the",12703
242,should,12702
243,"what,in,the,be",12676
244,"why,be",12614
245,"for,to,be",12586
246,"and,in,of,the,be",12554
247,"you,do",12529
248,"and,a,in,the",12525
249,"for,to,the",12499
250,"on,of,the",12496
251,their,12480
252,"as,to",12476
253,"'s,to",12467
254,"best,what",12465
255,there,12452
256,"'s,and",12451
257,"do,of",12434
258,they,12429
259,"can,a",12402
260,"for,a,the",12376
261,"for,in,be",12327
262,"a,to,in,the",12321
263,"'s,in",12217
264,"it,and",12156
265,"from,to",12128
266,"for,what,be",12113
267,"and,to,of,be",12106
268,"and,a,to,the",11995
269,"'s,the,be",11932
270,"or,the",11926
271,"it,in",11919
272,"i,the",11891
273,"there,be",11884
274,"with,of,the",11849
275,"by,and",11837
276,say,11764
277,"what,to,the,be",11730
278,after,11720
279,"a,in,of,be",11674
280,"'s,of,the",11665
281,"and,a,of,be",11663
282,"best,what,the",11614
283,"by,of,the",11612
284,"can,be",11573
285,"have,to,be",11568
286,"why,do",11553
287,would,11545
288,will,11520
289,"that,to,the",11479
290,"best,what,be",11458
291,"for,and,be",11441
292,"that,of,be",11440
293,"have,a,the",11430
294,"on,in",11407
295,"as,and,the",11349
296,"can,i,how",11331
297,"what,and,the,be",11189
298,people,11133
299,"it,of",11132
300,"that,to,be",11093
301,"can,the",11082
302,"to,in,of,be",11076
303,"that,and,the",11070
304,most,10989
305,"and,to,in,be",10946
306,"not,be",10938
307,"a,to,of,be",10938
308,"for,of,be",10910
309,"with,and,the",10899
310,"a,to,in,be",10876
311,"'s,a",10851
312,"that,in,the",10797
313,"on,and,the",10776
314,"best,what,the,be",10725
315,"and,to,of,the,be",10675
316,"from,of",10643
317,"have,and,be",10638
318,about,10587
319,"which,in",10542
320,like,10518
321,"by,in",10479
322,"that,a,be",10479
323,"some,what",10459
324,"who,be",10427
325,"from,and",10333
326,"some,what,be",10312
327,"and,a,to,be",10289
328,"as,in,the",10288
329,"have,of,be",10272
330,"that,a,the",10248
331,"have,a,be",10244
332,"it,a,be",10244
333,"that,and,be",10207
334,"from,the,be",10180
335,between,10143
336,"can,in",10131
337,"on,to,the",10106
338,"and,a,in,be",10106
339,"with,in,the",10047
340,time,9996
341,"by,and,the",9976
342,"'s,and,the",9971
343,"a,in,of,the,be",9876
344,"to,in,of,the,be",9871
345,your,9866
346,"that,in,be",9866
347,"at,the,be",9819
348,"as,a,the",9797
349,"and,a,of,the,be",9794
350,"'s,in,the",9757
351,"that,of,the,be",9752
352,"who,the",9743
353,"from,a",9732
354,"what,a,the",9714
355,"you,be",9671
356,"on,a,the",9667
357,"have,in,be",9643
358,"by,a",9612
359,"by,to",9604
360,"as,to,the",9572
361,"it,to,the",9572
362,"by,of,be",9541
363,"at,of",9536
364,"and,to,in,of",9529
365,"and,a,in,of",9527
366,"as,of,be",9525
367,"i,and",9507
368,"an,to",9454
369,"not,the",9453
370,"an,of",9384
371,"'s,to,the",9364
372,"with,to,the",9354
373,"most,the",9302
374,"if,be",9264
375,"from,in",9259
376,"with,a,the",9239
377,"you,the",9210
378,"how,and",9207
379,more,9205
380,"for,in,the,be",9204
381,"from,of,the",9190
382,"between,and",9169
383,"on,in,the",9165
384,"for,of,the,be",9143
385,"this,be",9137
386,"you,what",9134
387,other,9128
388,"have,and,of",9090
389,"an,in",9078
390,"use,be",9058
391,"which,of",9043
392,"a,to,of,the,be",9036
393,"have,do",9007
394,"and,to,in,the,be",9003
395,"by,in,the",8989
396,"that,have",8973
397,"this,the",8969
398,"his,the",8967
399,india,8928
400,"for,what,the",8923
401,new,8891
402,"it,in,be",8839
403,"have,a,to",8787
404,"from,to,the",8770
405,"by,and,be",8770
406,"how,do,a",8764
407,"can,to",8759
408,"and,a,to,of",8737
409,"and,to,in,of,the",8724
410,"or,a",8719
411,"for,a,to",8709
412,"at,a",8691
413,"it,of,the",8686
414,"it,and,be",8683
415,"he,the",8676
416,"have,and,to",8671
417,"but,the",8670
418,also,8666
419,"i,what",8659
420,"for,to,the,be",8638
421,"at,and",8634
422,"how,of",8632
423,"but,be",8630
424,"as,and,be",8617
425,"for,and,the,be",8582
426,"by,of,the,be",8571
427,"you,how",8568
428,"have,of,the,be",8566
429,"it,a,to",8551
430,"use,the",8545
431,"as,and,of",8521
432,"at,of,the",8487
433,"on,of,be",8471
434,"that,to,the,be",8443
435,"between,the",8428
436,"as,a,be",8422
437,"have,a,of",8404
438,"do,the,be",8385
439,"or,to",8365
440,"what,a,the,be",8356
441,"with,and,be",8342
442,"a,to,in,of",8338
443,"an,the,be",8322
444,"for,a,the,be",8305
445,its,8295
446,"and,a,in,of,the",8293
447,"when,be",8291
448,good,8279
449,"as,of,the,be",8261
450,"or,the,be",8256
451,"on,to,be",8254
452,where,8250
453,"which,to",8240
454,"for,and,of",8231
455,"have,to,of",8214
456,"have,to,the,be",8207
457,take,8195
458,state,8177
459,"with,of,be",8176
460,"which,in,the",8164
461,"at,in",8162
462,"have,and,a",8148
463,"have,in,of",8146
464,than,8135
465,n't,8121
466,first,8115
467,"an,a",8107
468,all,8107
469,"i,for",8105
470,"have,and,in",8101
471,"i,how,a",8100
472,"that,and,the,be",8075
473,"for,what,the,be",8069
474,"most,be",8062
475,"from,and,the",8055
476,"it,of,be",8047
477,"for,a,in",8045
478,"a,to,in,the,be",8032
479,"it,do",8030
480,"with,a,be",8020
481,work,8012
482,"it,and,the",8003
483,"as,in,be",7999
484,"with,to,be",7992
485,"which,in,be",7988
486,"which,and",7981
487,"as,to,be",7971
488,"have,and,the,be",7963
489,"or,of",7946
490,"on,and,be",7939
491,"by,to,the",7924
492,"that,in,the,be",7896
493,"one,the",7891
494,"and,a,in,the,be",7888
495,"at,to",7886
496,"have,for",7864
497,"on,a,be",7862
498,"for,do",7848
499,"an,and",7842
500,"my,how",7841
501,"'s,of,be",7835
502,"by,in,be",7813
503,"that,and,of",7804
504,"which,of,the",7775
505,know,7774
506,"when,the",7772
507,"do,to,the",7755
508,"he,be",7750
509,"for,a,of",7743
510,"between,and,the",7739
511,any,7733
512,"do,of,the",7726
513,into,7723
514,"have,to,in",7715
515,"and,a,to,the,be",7713
516,"say,the",7696
517,"they,be",7676
518,"and,a,to,in",7669
519,"you,a",7666
520,"after,the",7664
521,"have,and,of,the",7656
522,"i,of",7650
523,"for,and,in",7649
524,"'s,a,the",7636
525,"it,in,the",7633
526,"it,what",7625
527,"should,i",7624
528,"their,the",7617
529,"or,in",7609
530,"for,and,a",7603
531,"with,in,be",7596
532,many,7595
533,"as,a,of",7586
534,"they,the",7585
535,"that,a,of",7580
536,"and,a,to,of,the",7564
537,"with,and,of",7548
538,"as,and,of,the",7535
539,"on,of,the,be",7527
540,"for,and,to",7525
541,"do,to,be",7514
542,"by,a,the",7507
543,"one,be",7506
544,"my,i,how",7505
545,"do,what,be",7499
546,"what,a,to",7490
547,"'s,what",7489
548,"for,in,of",7477
549,"have,in,the,be",7476
550,"have,a,in",7472
551,"that,a,the,be",7444
552,"an,of,the",7437
553,"why,the",7434
554,"by,and,the,be",7413
555,"that,to,of",7402
556,"as,in,of",7390
557,so,7379
558,"some,of",7371
559,"get,i",7332
560,"some,the",7323
561,"between,be",7320
562,"do,in,the",7317
563,"from,in,the",7276
564,"a,to,in,of,the",7270
565,"which,a",7270
566,"my,be",7252
567,"say,be",7246
568,become,7242
569,"can,of",7228
570,"my,do",7207
571,"how,the,be",7189
572,"for,to,in",7189
573,"for,and,of,the",7161
574,"can,and",7159
575,"that,in,of",7152
576,"state,the",7139
577,"that,a,to",7103
578,"it,a,the",7094
579,"who,the,be",7090
580,"i,do,a",7085
581,"it,to,the,be",7077
582,"have,in,of,the",7066
583,"time,the",7064
584,find,7047
585,"by,and,of",7035
586,"most,the,be",7016
587,"if,the",7015
588,"as,and,the,be",6999
589,we,6992
590,"have,to,of,the",6991
591,"by,a,be",6981
592,"that,and,to",6974
593,"by,to,be",6964
594,"with,of,the,be",6944
595,"'s,in,be",6930
596,"best,to",6924
597,"from,to,be",6923
598,"for,to,of",6902
599,"his,be",6896
600,"'s,and,be",6875
601,"that,and,of,the",6864
602,"at,and,the",6857
603,"on,and,of",6855
604,her,6851
605,"have,a,the,be",6848
606,go,6837
607,"with,a,of",6835
608,"not,the,be",6823
609,"'s,to,be",6815
610,"as,and,in",6768
611,"by,in,the,be",6736
612,"'s,of,the,be",6727
613,"not,to",6726
614,"between,and,be",6705
615,"how,do,the",6692
616,"with,in,of",6689
617,"use,to",6684
618,"at,in,the",6683
619,"this,of",6666
620,"as,in,of,the",6660
621,world,6660
622,"have,what",6659
623,out,6652
624,"that,it",6649
625,"it,have",6643
626,"with,and,in",6622
627,"as,to,of",6618
628,"'s,and,of",6609
629,"have,a,of,the",6605
630,"it,for",6590
631,"from,a,the",6588
632,"on,in,be",6586
633,"make,the",6584
634,"which,of,be",6578
635,"have,and,to,the",6569
636,"that,and,a",6568
637,"what,in,of",6564
638,"with,and,of,the",6557
639,"as,in,the,be",6553
640,"that,have,the",6553
641,up,6548
642,"you,to",6546
643,"my,to",6537
644,"with,and,a",6534
645,"for,in,of,the",6533
646,"that,to,of,the",6514
647,"for,how",6506
648,"it,to,in",6506
649,"his,to",6494
650,"by,and,of,the",6494
651,"that,and,in",6494
652,"will,the",6469
653,"as,and,a",6464
654,"have,and,in,the",6464
655,"best,to,the",6450
656,"it,a,to,be",6450
657,"good,be",6440
658,"do,a,to",6437
659,"with,and,the,be",6436
660,"that,a,in",6426
661,"their,be",6426
662,"on,and,the,be",6422
663,"what,to,in",6421
664,"do,what,the",6416
665,"on,a,of",6411
666,"with,have",6392
667,"on,have",6391
668,"which,to,the",6390
669,"as,a,of,the",6385
670,"that,in,of,the",6379
671,"i,to,be",6376
672,"on,a,to",6374
673,"as,and,to",6371
674,"it,of,the,be",6363
675,"which,in,the,be",6363
676,"but,to",6351
677,"on,do",6339
678,"my,i,do",6338
679,"how,do,to",6337
680,"he,to",6334
681,"after,be",6330
682,"first,the",6326
683,"or,and",6323
684,"which,and,the",6307
685,"that,a,of,the",6307
686,"between,the,be",6305
687,"its,the",6299
688,"do,what,to",6298
689,"with,a,to",6298
690,"an,in,the",6296
691,"that,to,in",6294
692,"for,a,of,the",6289
693,"as,a,to",6285
694,"also,the",6262
695,"if,a",6260
696,"with,and,to",6253
697,"and,a,to,in,the",6250
698,way,6249
699,"how,do,in",6245
700,"would,the",6241
701,"it,and,to",6234
702,"one,of",6211
703,"or,of,the",6193
704,"as,a,in",6192
705,"at,a,the",6190
706,"'s,in,of",6181
707,"on,and,of,the",6180
708,"on,to,the,be",6173
709,"his,and",6166
710,"as,to,the,be",6165
711,"as,a,the,be",6151
712,"his,of",6146
713,"which,to,be",6146
714,"best,to,be",6145
715,"this,to",6139
716,"with,a,in",6137
717,"i,do,to",6132
718,"your,be",6123
719,"would,be",6121
720,"this,the,be",6116
721,"for,and,in,the",6111
722,"from,of,be",6110
723,"by,in,of",6100
724,"india,in",6085
725,"on,what",6078
726,"his,in",6072
727,"on,and,to",6071
728,"and,to,in,of,be",6059
729,"have,to,in,the",6054
730,"other,the",6044
731,"my,can",6021
732,"but,the,be",6011
733,"for,a,to,be",6007
734,two,6005
735,"with,in,the,be",6005
736,"that,have,be",6002
737,"an,to,the",6001
738,"make,be",5988
739,"an,to,be",5986
740,"do,and,the",5972
741,"time,be",5968
742,"for,to,of,the",5951
743,"at,to,the",5948
744,"and,a,in,of,be",5945
745,"like,be",5939
746,"world,the",5939
747,"i,a,be",5937
748,"if,to",5915
749,"about,be",5915
750,"have,a,to,the",5914
751,"with,in,of,the",5911
752,"this,and",5900
753,"from,and,be",5900
754,include,5900
755,"will,be",5898
756,"that,for",5898
757,"new,the",5895
758,"or,a,be",5890
759,"have,i",5886
760,"with,to,of",5886
761,"'s,and,of,the",5878
762,"as,to,of,the",5867
763,"some,of,be",5864
764,"it,what,be",5855
765,"that,what",5854
766,"'s,a,be",5851
767,"their,and",5847
768,over,5846
769,"between,and,the,be",5843
770,during,5835
771,"use,of",5823
772,"an,of,be",5815
773,"for,and,to,the",5814
774,"it,and,the,be",5806
775,"which,and,be",5805
776,"an,and,the",5799
777,"at,of,be",5791
778,"i,a,to",5785
779,"for,a,to,the",5784
780,"their,to",5779
781,"or,to,be",5779
782,"by,to,the,be",5776
783,"do,a,be",5770
784,"for,a,in,the",5769
785,"best,to,the,be",5767
786,"not,of",5767
787,"on,and,a",5765
788,"on,in,of",5764
789,such,5759
790,"as,and,in,the",5757
791,"you,how,do",5755
792,"best,in",5740
793,"get,how",5739
794,"which,of,the,be",5738
795,"it,how",5735
796,"with,to,the,be",5735
797,"on,to,of",5731
798,"on,a,the,be",5728
799,"use,the,be",5723
800,"about,the",5723
801,"not,and",5712
802,"that,do",5689
803,"by,in,of,the",5685
804,"india,be",5679
805,"that,and,to,the",5678
806,"use,in",5677
807,"it,in,the,be",5676
808,"it,to,of",5675
809,"get,to",5673
810,"this,in",5671
811,"i,how,in",5667
812,"not,a",5663
813,mean,5658
814,"who,in",5657
815,"on,i",5650
816,"as,have",5649
817,"he,a",5649
818,"people,be",5646
819,"my,can,i",5645
820,life,5645
821,"your,what",5641
822,"that,and,of,be",5635
823,"'s,in,the,be",5633
824,"when,to",5629
825,"and,a,to,of,be",5623
826,"have,and,a,the",5622
827,"what,and,of",5618
828,me,5611
829,"by,and,in",5608
830,"do,a,the",5605
831,"'s,and,the,be",5598
832,"all,the",5595
833,"by,a,of",5593
834,"he,and",5592
835,much,5590
836,she,5590
837,"'s,and,in",5589
838,"some,the,be",5585
839,"there,the",5584
840,"for,and,a,the",5580
841,"with,a,of,the",5579
842,"get,do",5567
843,"as,to,in",5558
844,"can,i,a",5556
845,"what,a,to,be",5555
846,"from,a,be",5551
847,"by,a,the,be",5549
848,"'s,in,of,the",5545
849,’,5544
850,"what,in,of,be",5542
851,"and,to,in,of,the,be",5540
852,"for,to,in,the",5523
853,"do,and,be",5521
854,"with,a,the,be",5520
855,only,5516
856,"on,and,in",5515
857,"their,of",5507
858,"or,of,be",5496
859,"on,a,of,the",5493
860,"that,a,of,be",5491
861,"who,of",5487
862,"'s,to,of",5484
863,"with,and,in,the",5482
864,"have,a,to,be",5479
865,"that,and,in,the",5475
866,"that,to,of,be",5470
867,"'s,for",5466
868,"have,and,to,be",5456
869,"which,for",5455
870,"can,the,be",5446
871,"on,in,the,be",5444
872,"have,a,in,the",5443
873,"have,for,the",5442
874,could,5440
875,"that,it,be",5418
876,"have,and,of,be",5417
877,"this,of,the",5412
878,"say,to",5409
879,"but,a",5409
880,"best,for",5406
881,"with,to,in",5405
882,"they,and",5404
883,"i,the,be",5404
884,"more,be",5397
885,"what,a,in",5397
886,"that,a,to,the",5396
887,"not,in",5393
888,"from,of,the,be",5381
889,"for,and,of,be",5380
890,"than,be",5380
891,"from,and,of",5373
892,"an,in,be",5360
893,"what,in,of,the",5354
894,"if,what",5344
895,"do,in,be",5343
896,years,5341
897,"a,to,in,of,be",5339
898,"'s,a,of",5335
899,"'s,and,to",5333
900,"for,a,in,be",5328
901,"from,in,be",5327
902,"how,to,be",5321
903,"on,a,in",5318
904,"his,a",5313
905,"from,and,to",5311
906,"how,in,be",5305
907,"they,to",5301
908,"more,the",5301
909,"as,for",5294
910,"but,of",5294
911,"that,to,in,the",5287
912,"one,the,be",5286
913,"which,a,be",5286
914,"as,and,to,the",5285
915,"between,what",5281
916,"any,be",5279
917,"there,the,be",5275
918,"on,for",5272
919,"other,be",5271
920,"should,what",5266
921,"by,to,of",5263
922,while,5261
923,"on,in,of,the",5261
924,"when,a",5259
925,"from,to,the,be",5257
926,"as,and,of,be",5254
927,year,5250
928,learn,5248
929,"he,in",5240
930,"'s,to,the,be",5235
931,"what,a,of",5224
932,"n't,do",5221
933,"get,a",5219
934,"use,a",5213
935,"not,do",5209
936,"and,a,in,of,the,be",5208
937,"at,of,the,be",5203
938,"from,to,of",5203
939,"when,the,be",5202
940,"by,and,of,be",5201
941,"that,in,of,be",5198
942,"it,a,the,be",5197
943,"use,and",5197
944,"who,to",5188
945,"people,the",5184
946,"that,a,to,be",5181
947,"that,on",5179
948,"or,in,be",5176
949,"some,to",5160
950,"at,and,be",5159
951,"as,and,a,the",5158
952,"on,to,of,the",5155
953,"should,be",5151
954,"for,and,in,be",5147
955,"into,the",5143
956,"it,a,of",5143
957,"which,a,the",5143
958,"with,to,of,the",5143
959,"how,of,the",5139
960,start,5139
961,"other,and",5137
962,"it,and,of",5136
963,"'s,to,in",5134
964,"on,how",5129
965,"some,of,the",5126
966,"best,what,to",5125
967,"that,and,to,be",5122
968,"i,a,in",5121
969,"one,of,the",5121
970,"he,of",5114
971,"who,a",5114
972,"or,in,the",5113
973,"it,a,in",5110
974,"do,a,in",5104
975,"best,in,the",5098
976,"that,and,a,the",5097
977,"it,and,a",5094
978,"or,to,the",5094
979,"with,do",5092
980,"new,be",5089
981,"he,the,be",5087
982,"that,a,in,the",5085
983,"can,i,in",5082
984,"for,and,to,be",5081
985,"you,what,be",5077
986,"this,a",5072
987,"that,what,be",5070
988,"you,the,be",5069
989,"do,to,in",5057
990,"also,be",5053
991,"at,a,be",5050
992,"'s,have",5049
993,"my,i,to",5049
994,"say,the,be",5049
995,"it,to,in,be",5049
996,"have,to,of,be",5047
997,"by,and,to",5040
998,"one,in",5039
999,think,5038
1000,"first,be",5034
1001,"but,in",5030
1002,"on,and,to,the",5027
1003,"at,to,be",5024
1004,"know,be",5024
1005,"between,what,and",5016
1006,"state,of",5015
1007,"'s,a,to",5014
1008,"you,in",5012
1009,"by,and,in,the",5012
1010,"what,and,in",5012
1011,"from,a,to",5010
1012,"for,a,of,be",5008
1013,"for,and,a,be",5007
1014,"i,do,in",5004
1015,"that,and,of,the,be",5002
1016,"way,to",5000
1017,"it,for,be",4995
1018,"get,the",4993
1019,"with,for",4993
1020,"and,a,to,in,be",4992
1021,"how,in,the",4990
1022,"his,of,the",4984
1023,"can,how,a",4984
1024,city,4982
1025,"who,and",4980
1026,"what,to,in,be",4976
1027,"for,to,in,be",4974
1028,"an,a,be",4974
1029,"all,be",4966
1030,"get,be",4964
1031,"at,in,be",4959
1032,"so,be",4954
1033,"with,and,to,the",4953
1034,"take,the",4951
1035,"there,a",4949
1036,"would,to",4948
1037,"best,in,be",4943
1038,"have,and,in,be",4942
1039,"by,a,of,the",4940
1040,"for,in,of,be",4935
1041,"why,in",4925
1042,"have,a,of,be",4924
1043,"best,what,to,the",4916
1044,"do,and,to",4913
1045,"make,to",4911
1046,"best,for,be",4904
1047,give,4902
1048,"as,a,in,the",4895
1049,"i,how,to",4891
1050,"not,to,be",4889
1051,"with,and,a,the",4887
1052,"which,to,the,be",4876
1053,"way,be",4867
1054,"between,what,the",4866
1055,"have,in,of,be",4864
1056,"way,the",4863
1057,"an,and,be",4863
1058,"and,a,to,of,the,be",4862
1059,"but,and",4861
1060,"they,the,be",4858
1061,"with,that",4858
1062,"have,to,in,be",4854
1063,"state,be",4844
1064,"'s,to,of,the",4841
1065,"on,to,in",4838
1066,"it,and,in",4838
1067,"what,and,of,be",4836
1068,"by,to,of,the",4835
1069,"that,to,of,the,be",4833
1070,"their,in",4832
1071,"'s,a,in",4825
1072,"have,and,a,be",4819
1073,"make,a",4811
1074,"can,what",4808
1075,"from,and,of,the",4804
1076,"would,a",4793
1077,"like,what",4791
1078,"how,a,be",4791
1079,"than,the",4787
1080,"an,a,the",4787
1081,"'s,on",4784
1082,"by,and,of,the,be",4782
1083,"'s,and,in,the",4779
1084,"after,a",4773
1085,"have,for,be",4769
1086,"what,and,to",4768
1087,"can,for",4763
1088,"after,in",4754
1089,"if,the,be",4752
1090,"why,to",4750
1091,"his,the,be",4749
1092,"my,i,be",4748
1093,"by,and,a",4748
1094,"not,of,the",4748
1095,"how,do,be",4746
1096,"you,can",4745
1097,"from,to,in",4741
1098,"as,a,to,the",4737
1099,them,4735
1100,no,4734
1101,"his,to,the",4731
1102,"as,in,of,be",4725
1103,"i,and,be",4724
1104,"that,and,a,be",4723
1105,"there,in",4722
1106,"'s,that",4722
1107,"on,and,in,the",4722
1108,"or,a,the",4721
1109,"as,a,of,be",4718
1110,number,4718
1111,"that,and,in,be",4716
1112,"there,a,be",4712
1113,"why,and",4712
1114,"from,and,the,be",4711
1115,"if,do",4710
1116,"most,of",4707
1117,"i,to,the",4704
1118,"on,a,to,the",4704
1119,"for,and,of,the,be",4700
1120,"an,of,the,be",4700
1121,"best,for,the",4693
1122,"what,to,of",4681
1123,"it,i",4680
1124,"from,in,of",4679
1125,"as,and,of,the,be",4678
1126,"say,a",4673
1127,"'s,what,the",4671
1128,"which,in,of",4671
1129,"state,of,the",4668
1130,"it,in,of",4668
1131,"that,in,of,the,be",4667
1132,"for,to,of,be",4664
1133,"get,in",4663
1134,"use,of,the",4661
1135,"what,in,of,the,be",4657
1136,"best,which",4655
1137,"i,in,be",4655
1138,"as,to,in,the",4654
1139,"a,to,in,of,the,be",4654
1140,"some,in",4651
1141,"from,to,of,the",4650
1142,"have,and,of,the,be",4647
1143,"after,to",4645
1144,"which,and,the,be",4645
1145,"take,to",4643
1146,"it,and,to,be",4643
1147,"during,the",4642
1148,"from,a,of",4641
1149,"between,what,and,the",4640
1150,"an,for",4640
1151,"between,what,be",4639
1152,"how,and,be",4638
1153,"it,on",4636
1154,"that,a,of,the,be",4624
1155,"best,what,to,be",4621
1156,"can,a,be",4619
1157,"who,of,the",4618
1158,"that,to,in,be",4617
1159,"with,i",4616
1160,"one,to",4614
1161,"on,and,a,the",4611
1162,"by,have",4611
1163,"with,a,in,the",4609
1164,"from,do",4603
1165,"like,to",4602
1166,"on,have,the",4602
1167,"and,a,to,in,of",4598
1168,"india,the",4594
1169,"at,and,of",4589
1170,"with,what",4581
1171,"not,to,the",4576
1172,"state,in",4564
1173,"'s,and,a",4558
1174,"i,do,what",4556
1175,"but,to,the",4556
1176,"that,a,in,be",4554
1177,"its,of",4552
1178,"time,the,be",4547
1179,"by,in,of,be",4544
1180,"from,and,in",4541
1181,"they,in",4538
1182,come,4538
1183,"i,how,do,a",4533
1184,"best,in,the,be",4531
1185,"as,that",4526
1186,"there,in,be",4524
1187,"when,in",4524
1188,"have,a,in,be",4524
1189,"that,it,the",4524
1190,want,4519
1191,"his,and,the",4515
1192,"can,of,the",4515
1193,see,4513
1194,"that,have,the,be",4511
1195,"his,in,the",4509
1196,"this,of,be",4505
1197,"it,to,of,the",4501
1198,"what,and,a",4500
1199,"have,and,in,of",4498
1200,"after,the,be",4490
1201,"he,to,the",4488
1202,"do,what,in",4485
1203,"if,i",4484
1204,"by,a,in",4481
1205,"include,the",4474
1206,"that,for,the",4466
1207,"it,have,be",4463
1208,"'s,a,of,the",4462
1209,"with,a,to,the",4462
1210,"they,of",4452
1211,"on,what,be",4451
1212,"why,the,be",4451
1213,"its,be",4444
1214,"best,what,to,the,be",4437
1215,"but,of,the",4435
1216,"what,and,of,the",4433
1217,"one,and",4428
1218,"how,a,to",4426
1219,"their,of,the",4425
1220,company,4424
1221,"that,for,be",4422
1222,"i,do,be",4421
1223,"but,to,be",4421
1224,"or,and,the",4421
1225,"you,what,the",4420
1226,"'s,and,to,the",4417
1227,difference,4415
1228,"by,and,to,the",4414
1229,"also,and",4414
1230,"with,and,of,be",4414
1231,"there,to",4412
1232,"two,the",4412
1233,"between,what,and,be",4411
1234,"do,of,be",4410
1235,"which,and,of",4409
1236,"who,in,the",4408
1237,book,4408
1238,"an,in,of",4399
1239,"with,on",4398
1240,"how,a,in",4397
1241,"you,of",4395
1242,"how,do,and",4380
1243,"after,of",4380
1244,call,4378
1245,"one,a",4374
1246,"with,to,in,the",4370
1247,"best,which,be",4369
1248,"most,in",4365
1249,war,4363
1250,"have,to,of,the,be",4363
1251,"have,and,a,of",4362
1252,"your,what,be",4361
1253,"have,and,to,of",4360
1254,"how,to,the",4357
1255,"an,what",4351
1256,"with,have,the",4351
1257,"'s,it",4349
1258,"should,to",4349
1259,"that,have,to",4348
1260,"as,have,the",4345
1261,"which,for,be",4341
1262,"from,and,to,the",4339
1263,"at,in,of",4338
1264,"such,as",4338
1265,"as,and,in,of",4337
1266,"for,in,of,the,be",4334
1267,"my,a",4334
1268,"from,in,the,be",4333
1269,"or,of,the,be",4333
1270,"this,to,the",4330
1271,"city,the",4329
1272,"it,do,to",4326
1273,"as,and,in,be",4325
1274,"also,of",4317
1275,"over,the",4317
1276,"best,for,the,be",4312
1277,"'s,a,the,be",4310
1278,"what,a,of,be",4306
1279,"it,and,to,the",4303
1280,"by,to,in",4301
1281,"include,and",4301
1282,live,4297
1283,"from,have",4295
1284,"state,the,be",4292
1285,"it,and,of,the",4292
1286,"as,to,of,be",4289
1287,"its,and",4284
1288,"between,what,the,be",4284
1289,"'s,to,in,the",4279
1290,"or,and,be",4276
1291,"i,in,the",4274
1292,"use,to,be",4273
1293,"at,a,of",4270
1294,"into,be",4268
1295,"most,of,the",4268
1296,"as,in,of,the,be",4265
1297,"i,how,the",4265
1298,"say,and",4261
1299,"it,to,of,be",4261
1300,"by,a,to",4258
1301,"have,in,of,the,be",4255
1302,"at,and,the,be",4254
1303,"do,what,a",4249
1304,"their,and,the",4249
1305,"some,and",4247
1306,"people,do",4244
1307,"from,in,of,the",4239
1308,"use,to,the",4237
1309,"on,a,in,the",4234
1310,"not,of,be",4234
1311,"have,and,to,the,be",4233
1312,"by,in,of,the,be",4229
1313,"i,what,to",4222
1314,"time,of",4222
1315,"an,and,of",4221
1316,"that,and,to,the,be",4217
1317,"as,with",4208
1318,"why,a",4208
1319,"other,of",4208
1320,"about,what",4207
1321,"this,in,the",4205
1322,"you,have",4201
1323,"my,what",4200
1324,before,4200
1325,"by,and,in,be",4198
1326,"it,for,to",4192
1327,"all,of",4190
1328,"what,a,in,be",4189
1329,"this,and,the",4188
1330,"there,to,be",4182
1331,"many,be",4179
1332,"if,in",4179
1333,"which,in,of,the",4179
1334,"as,and,a,of",4178
1335,"what,and,in,be",4172
1336,"time,to",4170
1337,"he,of,the",4170
1338,"or,for",4170
1339,"where,the",4157
1340,"not,and,be",4155
1341,"when,do",4153
1342,"that,have,a",4152
1343,"at,and,of,the",4151
1344,"at,in,the,be",4146
1345,"it,do,be",4146
1346,"my,in",4144
1347,"and,a,to,in,of,the",4143
1348,"state,in,the",4142
1349,"out,the",4140
1350,these,4139
1351,"for,and,in,of",4138
1352,"which,and,in",4135
1353,"for,and,in,the,be",4134
1354,"that,have,of",4130
1355,"'s,for,the",4129
1356,"their,the,be",4127
1357,"way,to,be",4126
1358,"this,to,be",4122
1359,without,4120
1360,"by,a,of,be",4118
1361,"have,what,be",4117
1362,"i,a,the",4116
1363,"make,of",4116
1364,"as,a,to,be",4115
1365,"state,and",4115
1366,"on,and,of,be",4111
1367,"on,to,in,the",4110
1368,"not,a,be",4110
1369,"from,and,a",4108
1370,"for,what,a",4107
1371,"it,a,to,the",4106
1372,"difference,between",4104
1373,"difference,and",4104
1374,"world,be",4102
1375,"for,a,of,the,be",4100
1376,"one,of,be",4098
1377,"india,in,be",4089
1378,"good,a",4087
1379,"i,do,the",4085
1380,"my,the",4085
1381,"who,in,be",4084
1382,"between,what,and,the,be",4082
1383,"will,to",4082
1384,"as,and,to,be",4081
1385,"not,and,the",4081
1386,change,4078
1387,"have,a,to,of",4077
1388,"i,what,be",4075
1389,"have,and,a,to",4075
1390,"and,a,to,in,the,be",4074
1391,"can,i,to",4071
1392,"their,to,the",4069
1393,"as,for,the",4066
1394,"what,to,in,the",4064
1395,"if,and",4062
1396,"there,of",4060
1397,"from,a,the,be",4057
1398,job,4054
1399,"i,to,in",4052
1400,"when,and",4049
1401,"say,of",4049
1402,"become,the",4046
1403,"first,the,be",4046
1404,"work,the",4045
1405,"for,to,of,the,be",4045
1406,"such,the",4044
1407,"that,and,to,of",4044
1408,"by,and,a,the",4043
1409,"an,to,in",4041
1410,"that,on,the",4040
1411,"get,can",4039
1412,"with,a,of,be",4038
1413,"way,to,the",4037
1414,"that,have,and",4036
1415,"for,and,a,of",4034
1416,"go,to",4033
1417,"it,to,in,the",4033
1418,"as,and,a,be",4032
1419,"do,a,of",4028
1420,"i,and,to",4026
1421,"have,and,in,the,be",4025
1422,quora,4023
1423,"for,a,to,the,be",4020
1424,"who,of,be",4019
1425,"as,a,of,the,be",4018
1426,"some,to,be",4015
1427,"it,what,to",4015
1428,"have,a,of,the,be",4009
1429,"can,to,be",4008
1430,"an,to,of",4008
1431,"or,do",4008
1432,"my,and",4007
1433,"that,and,in,the,be",4006
1434,"'s,with",4005
1435,"from,a,in",4004
1436,"with,it",4002